Type de mission;Code type de mission;Mission;Code mission;Programme;Code programme;Action;Code action;Sous-action;Code sous-action;Autorisations d'engagement;Crédits de paiement
Budget général;1;Anciens combattants, mémoire et liens avec la nation;MB;Reconnaissance et réparation en faveur du monde combattant;169;Administration de  la dette viagère;1;Pensions militaires d'invalidité de victimes de guerre et allocations rattachées;10;1147350000;1147350000
Budget général;1;Anciens combattants, mémoire et liens avec la nation;MB;Reconnaissance et réparation en faveur du monde combattant;169;Administration de  la dette viagère;1;Retraite du combattant;11;748500000;748500000
Budget général;1;Anciens combattants, mémoire et liens avec la nation;MB;Reconnaissance et réparation en faveur du monde combattant;169;Gestion  des droits liés aux pensions militaires d'invalidité;2;Soins médicaux gratuits et appareillage des mutilés;21;56300000;56300000
Budget général;1;Anciens combattants, mémoire et liens avec la nation;MB;Reconnaissance et réparation en faveur du monde combattant;169;Gestion  des droits liés aux pensions militaires d'invalidité;2;Remboursement des réductions de transport accordées aux invalides;22;3200000;3200000
Budget général;1;Anciens combattants, mémoire et liens avec la nation;MB;Reconnaissance et réparation en faveur du monde combattant;169;Gestion  des droits liés aux pensions militaires d'invalidité;2;Remboursement des prestations de sécurité sociale aux invalides;23;85200000;85200000
Budget général;1;Anciens combattants, mémoire et liens avec la nation;MB;Reconnaissance et réparation en faveur du monde combattant;169;Solidarité;3;Fonds de solidarité pour les anciens combattants d'Afrique du Nord et d'Indochine;30;0;0
Budget général;1;Anciens combattants, mémoire et liens avec la nation;MB;Reconnaissance et réparation en faveur du monde combattant;169;Solidarité;3;Majoration des rentes mutualistes des anciens combattants et victimes de guerre;31;253500000;253500000
Budget général;1;Anciens combattants, mémoire et liens avec la nation;MB;Reconnaissance et réparation en faveur du monde combattant;169;Solidarité;3;Subventions aux associations et oeuvres diverses;32;260000;260000
Budget général;1;Anciens combattants, mémoire et liens avec la nation;MB;Reconnaissance et réparation en faveur du monde combattant;169;Solidarité;3;Indemnités, pécules et frais de voyages sur les tombes;33;110000;110000
Budget général;1;Anciens combattants, mémoire et liens avec la nation;MB;Reconnaissance et réparation en faveur du monde combattant;169;Solidarité;3;Action sociale en faveur du monde combattant : Office national des anciens combattants (ONAC);34;26400000;26400000
Budget général;1;Anciens combattants, mémoire et liens avec la nation;MB;Reconnaissance et réparation en faveur du monde combattant;169;Solidarité;3;Office national des anciens combattants (ONAC) : subventions;35;56801489;56801489
Budget général;1;Anciens combattants, mémoire et liens avec la nation;MB;Reconnaissance et réparation en faveur du monde combattant;169;Solidarité;3;Institution nationale des invalides : subventions;36;17089143;12089143
Budget général;1;Défense;DA;Environnement et prospective de la politique de défense;144;Recherche et exploitation du renseignement intéressant la sécurité de la France;3;Renseignement extérieur;31;310532501;243832501
Budget général;1;Défense;DA;Environnement et prospective de la politique de défense;144;Recherche et exploitation du renseignement intéressant la sécurité de la France;3;Renseignement de sécurité de défense;32;13536615;13536615
Budget général;1;Défense;DA;Environnement et prospective de la politique de défense;144;Prospective de défense;7;Analyse stratégique;1;4568308;6201641
Budget général;1;Défense;DA;Environnement et prospective de la politique de défense;144;Prospective de défense;7;Prospective des systèmes de forces;2;21315050;21315050
Budget général;1;Défense;DA;Environnement et prospective de la politique de défense;144;Prospective de défense;7;Etudes amont;3;856740000;720434123
Budget général;1;Défense;DA;Environnement et prospective de la politique de défense;144;Prospective de défense;7;Gestion des moyens et subventions;4;281278527;286828527
Budget général;1;Défense;DA;Équipement des forces;146;Dissuasion;6;Assurer la crédibilité technique de la dissuasion M51;14;199589290;582125402
Budget général;1;Défense;DA;Équipement des forces;146;Dissuasion;6;Assurer la crédibilité technique de la dissuasion SNLE NG : adaptation M51;15;0;219214730
Budget général;1;Défense;DA;Équipement des forces;146;Dissuasion;6;Assurer la crédibilité technique de la dissuasion - Air sol moyenne portée amélioré (ASMPA);17;108939719;62008395
Budget général;1;Défense;DA;Équipement des forces;146;Dissuasion;6;Assurer la crédibilité technique de la dissuasion Simulation;18;501775783;528157899
Budget général;1;Défense;DA;Équipement des forces;146;Dissuasion;6;Assurer la crédibilité technique de la dissuasion - Autres opérations;19;645361966;649850323
Budget général;1;Défense;DA;Équipement des forces;146;Dissuasion;6;Assurer la crédibilité opérationnelle de la dissuasion - soutien et mise en oeuvre des forces - toutes opérations;22;778075703;746494453
Budget général;1;Défense;DA;Équipement des forces;146;Dissuasion;6;Assurer la crédibilité technique de la posture - toutes opérations;23;143435053;256633996
Budget général;1;Défense;DA;Équipement des forces;146;Dissuasion;6;Assurer la crédibilité technique de la dissuasion  SNLE 3G;24;0;117733692
Budget général;1;Défense;DA;Équipement des forces;146;Commandement et maîtrise de l'information;7;Commander et conduire - Système de commandement et de conduite des opérations aériennes (SCCOA);24;41900000;222216996
Budget général;1;Défense;DA;Équipement des forces;146;Commandement et maîtrise de l'information;7;Commander et conduire - Système d'information TERRE;25;7260000;52345333
Budget général;1;Défense;DA;Équipement des forces;146;Commandement et maîtrise de l'information;7;Commander et conduire - Géographie numérique;27;281349040;55317486
Budget général;1;Défense;DA;Équipement des forces;146;Commandement et maîtrise de l'information;7;Commander et conduire - Autres opérations;28;258624322;37500607
Budget général;1;Défense;DA;Équipement des forces;146;Commandement et maîtrise de l'information;7;Commander et conduire - Système d'information des armées (SIA);29;0;100293242
Budget général;1;Défense;DA;Équipement des forces;146;Commandement et maîtrise de l'information;7;Communiquer - Moyens de communication satellitaire;32;578553000;193518629
Budget général;1;Défense;DA;Équipement des forces;146;Commandement et maîtrise de l'information;7;Communiquer - Autres opérations;35;242672800;256669837
Budget général;1;Défense;DA;Équipement des forces;146;Commandement et maîtrise de l'information;7;Communiquer - CONTACT;36;0;150948997
Budget général;1;Défense;DA;Équipement des forces;146;Commandement et maîtrise de l'information;7;Renseigner, surveiller, acquérir et reconnaître - Autres opérations;39;68271786;345392723
Budget général;1;Défense;DA;Équipement des forces;146;Commandement et maîtrise de l'information;7;Renseigner, surveiller, acquérir et reconnaître - MUSIS;40;0;138066345
Budget général;1;Défense;DA;Équipement des forces;146;Commandement et maîtrise de l'information;7;Communiquer - DESCARTES;41;0;48589084
Budget général;1;Défense;DA;Équipement des forces;146;Commandement et maîtrise de l'information;7;Renseigner, surveiller, acquérir et reconnaître - CERES;42;0;70134546
Budget général;1;Défense;DA;Équipement des forces;146;Projection - mobilité - soutien;8;Projeter les forces - Avion de transport futur (A400M);42;57923333;325774240
Budget général;1;Défense;DA;Équipement des forces;146;Projection - mobilité - soutien;8;Projeter les forces - Autres opérations;43;180649126;203787748
Budget général;1;Défense;DA;Équipement des forces;146;Projection - mobilité - soutien;8;Assurer la mobilité - Rénovation Cougar;46;0;31594801
Budget général;1;Défense;DA;Équipement des forces;146;Projection - mobilité - soutien;8;Assurer la mobilité - Hélicoptère NH 90;47;0;337029587
Budget général;1;Défense;DA;Équipement des forces;146;Projection - mobilité - soutien;8;Assurer la mobilité - Autres opérations;48;347689121;77766016
Budget général;1;Défense;DA;Équipement des forces;146;Projection - mobilité - soutien;8;Maintenir le potentiel ami et autre - Porteur polyvalent terrestre (PPT);51;0;78221603
Budget général;1;Défense;DA;Équipement des forces;146;Projection - mobilité - soutien;8;Maintenir le potentiel ami et autre - Autres opérations;53;29616794;49779100
Budget général;1;Défense;DA;Équipement des forces;146;Projection - mobilité - soutien;8;Maintenir le potentiel ami et autre - MRTT;55;0;180806077
Budget général;1;Défense;DA;Équipement des forces;146;Engagement et combat;9;Frapper à distance - Missile de croisière naval (MDCN);56;0;57861799
Budget général;1;Défense;DA;Équipement des forces;146;Engagement et combat;9;Frapper à distance - RAFALE;59;59330489;482997888
Budget général;1;Défense;DA;Équipement des forces;146;Engagement et combat;9;Frapper à distance - Autres opérations;61;68209571;293634798
Budget général;1;Défense;DA;Équipement des forces;146;Engagement et combat;9;Opérer en milieu hostile - Véhicule blindé de combat d'infanterie (VBCI);66;0;48381979
Budget général;1;Défense;DA;Équipement des forces;146;Engagement et combat;9;Opérer en milieu hostile - Hélicoptère HAP/HAD TIGRE;68;26360000;299817626
Budget général;1;Défense;DA;Équipement des forces;146;Engagement et combat;9;Opérer en milieu hostile - Future torpille lourde (FTL);69;0;53382770
Budget général;1;Défense;DA;Équipement des forces;146;Engagement et combat;9;Opérer en milieu hostile - Evolution Exocet;71;0;33859118
Budget général;1;Défense;DA;Équipement des forces;146;Engagement et combat;9;Opérer en milieu hostile - Frégates multi-missions (FREMM);73;682000000;306268872
Budget général;1;Défense;DA;Équipement des forces;146;Engagement et combat;9;Opérer en milieu hostile - SNA Barracuda;74;950000000;571698594
Budget général;1;Défense;DA;Équipement des forces;146;Engagement et combat;9;Opérer en milieu hostile - Autres opérations et conduire des opérations spéciales;75;3079616112;776733093
Budget général;1;Défense;DA;Équipement des forces;146;Engagement et combat;9;Opérer en milieu hostile -  SCORPION;77;100000000;190787391
Budget général;1;Défense;DA;Équipement des forces;146;Engagement et combat;9;Frapper à distance - Mirage 2000;78;85585271;143930750
Budget général;1;Défense;DA;Équipement des forces;146;Engagement et combat;9;Opérer en milieu hostile - missile moyenne portée MMP;88;0;86846894
Budget général;1;Défense;DA;Équipement des forces;146;Protection et sauvegarde;10;Assurer la sûreté des approches - Autres opérations et assurer la sécurité de l'Etat, de la nation et des citoyens;79;302520691;204045573
Budget général;1;Défense;DA;Équipement des forces;146;Protection et sauvegarde;10;Assurer la sûreté des approches - Alerte avancée;80;0;0
Budget général;1;Défense;DA;Équipement des forces;146;Protection et sauvegarde;10;Assurer la protection des forces et des sites - Famille de systèmes sol-air futurs (FSAF);82;0;90235677
Budget général;1;Défense;DA;Équipement des forces;146;Protection et sauvegarde;10;Assurer la protection des forces et des sites - Autres opérations et assurer la protection de l'homme;86;105050082;97763394
Budget général;1;Défense;DA;Équipement des forces;146;Préparation et conduite des opérations d'armement;11;Fonctionnement et soutien DGA;89;82428072;84903182
Budget général;1;Défense;DA;Équipement des forces;146;Préparation et conduite des opérations d'armement;11;Investissements pour les opérations d'armement;90;127461825;110250529
Budget général;1;Défense;DA;Équipement des forces;146;Parts étrangères et programmes civils;12;Parts étrangères;96;0;0
Budget général;1;Défense;DA;Équipement des forces;146;Parts étrangères et programmes civils;12;Programmes civils;97;0;0
Budget général;1;Défense;DA;Préparation et emploi des forces;178;Planification  des moyens et conduite des opérations;1;Emploi des forces;10;257830822;252776493
Budget général;1;Défense;DA;Préparation et emploi des forces;178;Planification  des moyens et conduite des opérations;1;Renseignement d'intérêt militaire;11;45501137;44608957
Budget général;1;Défense;DA;Préparation et emploi des forces;178;Planification  des moyens et conduite des opérations;1;Systèmes d'information et de communication;14;177865064;187220652
Budget général;1;Défense;DA;Préparation et emploi des forces;178;Préparation des forces terrestres;2;Commandement et activités des forces terrestres;1;177354016;174834089
Budget général;1;Défense;DA;Préparation et emploi des forces;178;Préparation des forces terrestres;2;Ressources humaines des forces terrestres;5;79956006;78382598
Budget général;1;Défense;DA;Préparation et emploi des forces;178;Préparation des forces terrestres;2;Maintien en condition opérationnelle du matériel des forces terrestres;7;919772067;776371499
Budget général;1;Défense;DA;Préparation et emploi des forces;178;Préparation des forces terrestres;2;Environnement opérationnel des forces terrestres;8;158196240;196761020
Budget général;1;Défense;DA;Préparation et emploi des forces;178;Préparation des forces navales;3;Commandement et activités des forces navales;1;260998295;305474124
Budget général;1;Défense;DA;Préparation et emploi des forces;178;Préparation des forces navales;3;Ressources humaines des forces navales;5;43628588;42636378
Budget général;1;Défense;DA;Préparation et emploi des forces;178;Préparation des forces navales;3;Maintien en condition opérationnelle du matériel des forces navales;7;1510913729;1585332909
Budget général;1;Défense;DA;Préparation et emploi des forces;178;Préparation des forces navales;3;Environnement opérationnel des forces navales;8;67757794;66363530
Budget général;1;Défense;DA;Préparation et emploi des forces;178;Préparation des forces aériennes;4;Commandement et activités centralisées des forces aériennes;2;7405740;7040660
Budget général;1;Défense;DA;Préparation et emploi des forces;178;Préparation des forces aériennes;4;Activités des forces aériennes;3;259496788;258241106
Budget général;1;Défense;DA;Préparation et emploi des forces;178;Préparation des forces aériennes;4;Activités des forces aériennes stratégiques;4;147833139;145418859
Budget général;1;Défense;DA;Préparation et emploi des forces;178;Préparation des forces aériennes;4;Ressources humaines des forces aériennes;5;75803759;75368235
Budget général;1;Défense;DA;Préparation et emploi des forces;178;Préparation des forces aériennes;4;Entretien et équipements des forces aériennes;6;2466801264;1490343939
Budget général;1;Défense;DA;Préparation et emploi des forces;178;Préparation des forces aériennes;4;Service industriel aéronautique (SIAé);9;0;0
Budget général;1;Défense;DA;Préparation et emploi des forces;178;Logistique et soutien interarmées;5;Fonction santé;80;221768951;120358703
Budget général;1;Défense;DA;Préparation et emploi des forces;178;Logistique et soutien interarmées;5;Soutien des forces par les bases de défense;82;621691444;647462759
Budget général;1;Défense;DA;Préparation et emploi des forces;178;Logistique et soutien interarmées;5;Soutiens complémentaires;83;140097818;146468449
Budget général;1;Défense;DA;Préparation et emploi des forces;178;Logistique et soutien interarmées;5;Service interarmées des munitions;84;14984704;14690886
Budget général;1;Défense;DA;Préparation et emploi des forces;178;Logistique et soutien interarmées;5;Service du commissariat aux armées;85;436045724;400853102
Budget général;1;Défense;DA;Soutien de la politique de la défense;212;Politiques des ressources humaines;6;Reconversion;3;36472386;36472386
Budget général;1;Défense;DA;Soutien de la politique de la défense;212;Politiques des ressources humaines;6;Action sociale et autres politiques de ressources humaines (hors rémunérations des agents);4;105347317;105347317
Budget général;1;Défense;DA;Soutien de la politique de la défense;212;Politique culturelle et éducative;8;Actions culturelles et mise en valeur du patrimoine;1;22234138;22234138
Budget général;1;Défense;DA;Soutien de la politique de la défense;212;Politique culturelle et éducative;8;Gestion et communication des archives historiques de la défense;2;3470251;3723918
Budget général;1;Défense;DA;Soutien de la politique de la défense;212;Recherche et exploitation du renseignement intéressant la sécurité de la France - Personnel travaillant  pour le programme "Environnement et prospective de la politique de défense";50;Renseignement extérieur;1;426629485;426629485
Budget général;1;Défense;DA;Soutien de la politique de la défense;212;Recherche et exploitation du renseignement intéressant la sécurité de la France - Personnel travaillant  pour le programme "Environnement et prospective de la politique de défense";50;Renseignement de sécurité et de défense;2;105547900;105547900
Budget général;1;Défense;DA;Soutien de la politique de la défense;212;Prospective de défense - Personnel travaillant  pour le programme "Environnement et prospective de la politique de défense";51;DGRIS / Administration  centrale;1;25702225;25702225
Budget général;1;Défense;DA;Soutien de la politique de la défense;212;Relations internationales;52;DGA / Soutien aux exportations;1;7764526;7764526
Budget général;1;Défense;DA;Soutien de la politique de la défense;212;Relations internationales;52;DGRIS / Diplomatie de défense;2;78675589;78675589
Budget général;1;Défense;DA;Soutien de la politique de la défense;212;Préparation et conduite des opérations d'armement - Personnel travaillant  pour le programme  "Équipement des forces ";53;Soutien aux opérations d'armement;1;1899094275;1899094275
Budget général;1;Défense;DA;Soutien de la politique de la défense;212;Planification des moyens et conduite des opérations - Personnel travaillant  pour le programme "Préparation et emploi des forces";54;Commandement des armées;1;101650374;101650374
Budget général;1;Défense;DA;Soutien de la politique de la défense;212;Planification des moyens et conduite des opérations - Personnel travaillant  pour le programme "Préparation et emploi des forces";54;Organismes interarmées à vocation opérationnelle;2;228098384;228098384
Budget général;1;Défense;DA;Soutien de la politique de la défense;212;Planification des moyens et conduite des opérations - Personnel travaillant  pour le programme "Préparation et emploi des forces";54;Organismes interarmées à vocation prospective et maitrise des armements;3;33663496;33663496
Budget général;1;Défense;DA;Soutien de la politique de la défense;212;Planification des moyens et conduite des opérations - Personnel travaillant  pour le programme "Préparation et emploi des forces";54;Enseignement interarmées;4;55098392;55098392
Budget général;1;Défense;DA;Soutien de la politique de la défense;212;Planification des moyens et conduite des opérations - Personnel travaillant  pour le programme "Préparation et emploi des forces";54;EMA / Relations internationales militaires / PPE;5;148383549;148383549
Budget général;1;Défense;DA;Soutien de la politique de la défense;212;Planification des moyens et conduite des opérations - Personnel travaillant  pour le programme "Préparation et emploi des forces";54;Renseignement d'intérêt militaire;6;147148640;147148640
Budget général;1;Défense;DA;Soutien de la politique de la défense;212;Planification des moyens et conduite des opérations - Personnel travaillant  pour le programme "Préparation et emploi des forces";54;Systèmes d'information et de communication;7;503145685;503145685
Budget général;1;Défense;DA;Soutien de la politique de la défense;212;Préparation des forces terrestres - Personnel travaillant pour le programme "Préparation et emploi des forces";55;Ressources humaines des forces terrestres;1;6866799415;6866799415
Budget général;1;Défense;DA;Soutien de la politique de la défense;212;Préparation des forces navales - Personnel travaillant pour le programme "Préparation et emploi des forces";56;Ressources humaines des forces navales;1;2416844649;2416844649
Budget général;1;Défense;DA;Soutien de la politique de la défense;212;Préparation des forces navales - Personnel travaillant pour le programme "Préparation et emploi des forces";56;Rémunérations des ouvriers de l'Etat de la DCNS;2;0;0
Budget général;1;Défense;DA;Soutien de la politique de la défense;212;Préparation des forces aériennes- Personnel travaillant pour le programme "Préparation et emploi des forces";57;Ressources humaines des forces aériennes;1;2555533552;2555533552
Budget général;1;Défense;DA;Soutien de la politique de la défense;212;Préparation des forces aériennes- Personnel travaillant pour le programme "Préparation et emploi des forces";57;Service industriel aéronautique(SIAé);2;0;0
Budget général;1;Défense;DA;Soutien de la politique de la défense;212;Logistique et soutien interarmées - Personnel travaillant pour le programme "Préparation et emploi des forces";58;Fonction pétrolière;1;130990575;130990575
Budget général;1;Défense;DA;Soutien de la politique de la défense;212;Logistique et soutien interarmées - Personnel travaillant pour le programme "Préparation et emploi des forces";58;Logistique et soutien interarmées / CICoS;2;38918689;38918689
Budget général;1;Défense;DA;Soutien de la politique de la défense;212;Logistique et soutien interarmées - Personnel travaillant pour le programme "Préparation et emploi des forces";58;Soutiens complémentaires;3;63434;63434
Budget général;1;Défense;DA;Soutien de la politique de la défense;212;Logistique et soutien interarmées - Personnel travaillant pour le programme "Préparation et emploi des forces";58;Service interarmées des munitions;4;81241988;81241988
Budget général;1;Défense;DA;Soutien de la politique de la défense;212;Logistique et soutien interarmées - Personnel travaillant pour le programme "Préparation et emploi des forces";58;Service du commissariat des armées;5;1413877112;1413877112
Budget général;1;Défense;DA;Soutien de la politique de la défense;212;Logistique et soutien interarmées - Personnel travaillant pour le programme "Préparation et emploi des forces";58;Fonction santé;6;774079081;774079081
Budget général;1;Défense;DA;Soutien de la politique de la défense;212;Surcoûts liés aux opérations - Personnel travaillant pour le programme "Préparation et emploi des forces";59;Surcoûts liés aux opérations extérieures;1;170000000;170000000
Budget général;1;Défense;DA;Soutien de la politique de la défense;212;Surcoûts liés aux opérations - Personnel travaillant pour le programme "Préparation et emploi des forces";59;Surcoûts liés aux opérations intérieures;2;41000000;41000000
Budget général;1;Défense;DA;Soutien de la politique de la défense;212;Action sociale, chômage et pensions;61;Actions sociales et autres politiques des ressources humaines;1;173757736;173757736
Budget général;1;Défense;DA;Soutien de la politique de la défense;212;Action sociale, chômage et pensions;61;Reconversion des personnels militaires - Chômage;2;128784691;128784691
Budget général;1;Défense;DA;Soutien de la politique de la défense;212;Action sociale, chômage et pensions;61;Reconversion des personnels civils - Chômage;3;4984560;4984560
Budget général;1;Défense;DA;Soutien de la politique de la défense;212;Restructurations - RH;63;Restructurations Personnels civils;1;53080756;53080756
Budget général;1;Défense;DA;Soutien de la politique de la défense;212;Restructurations - RH;63;Restructurations Personnels militaires;2;61161465;61161465
Budget général;1;Défense;DA;Soutien de la politique de la défense;212;Pilotage, soutien  -  Personnel travaillant pour l'action " Pilotage, soutien ";64;Personnel du SGA employeur;1;309167772;309167772
Budget général;1;Défense;DA;Soutien de la politique de la défense;212;Pilotage, soutien  -  Personnel travaillant pour l'action " Pilotage, soutien ";64;Personnel de l'action sociale;7;58885934;58885934
Budget général;1;Défense;DA;Soutien de la politique de la défense;212;Pilotage, soutien  -  Personnel travaillant pour l'action " Pilotage, soutien ";64;Personnel de l'agence de reconversion de la Défense;8;48073267;48073267
Budget général;1;Défense;DA;Soutien de la politique de la défense;212;Rayonnement et contribution extérieure;66;Pilotage, soutien et communication - effectifs sortants remboursés sous PMEA Mindef;1;0;0
Budget général;1;Défense;DA;Soutien de la politique de la défense;212;Rayonnement et contribution extérieure;66;Pilotage, soutien et communication - effectifs sortants non remboursés sous PMEA Mindef;2;22949599;22949599
Budget général;1;Défense;DA;Soutien de la politique de la défense;212;Rayonnement et contribution extérieure;66;Pilotage, soutien et communication - effectifs sortants remboursés hors PMEA Mindef;3;0;0
Budget général;1;Défense;DA;Soutien de la politique de la défense;212;Rayonnement et contribution extérieure;66;Pilotage, soutien et communication - Présidence de la République;4;0;0
Budget général;1;Défense;DA;Soutien de la politique de la défense;212;Rayonnement et contribution extérieure;66;Pilotage, soutien et communication -  Elèves des classes préparatoires des lycées de la défense;5;1168073;1168073
Budget général;1;Défense;DA;Soutien de la politique de la défense;212;Pilotage, soutien et communication - dépenses de personnel des cabinets et des organismes rattachés / RH;67;Sous-Direction des Bureau des Cabinets - Cabinet du Ministre de la Défense - Cabinet du Secrétaire d'Etat aux anciens combattants - Bureau des Officiers Généraux;1;39320386;39320386
Budget général;1;Défense;DA;Soutien de la politique de la défense;212;Pilotage, soutien et communication - dépenses de personnel des cabinets et des organismes rattachés / RH;67;Contrôle général des armées;2;17580169;17580169
Budget général;1;Défense;DA;Soutien de la politique de la défense;212;Pilotage, soutien et communication - dépenses de personnel des cabinets et des organismes rattachés / RH;67;Direction Générale des Systèmes d'Information et de Communication;3;6776371;6776371
Budget général;1;Défense;DA;Soutien de la politique de la défense;212;Pilotage, soutien et communication - dépenses de personnel des cabinets et des organismes rattachés / RH;67;Délégation à l'Information et la Communication de la Défense;4;10748967;10748967
Budget général;1;Défense;DA;Soutien de la politique de la défense;212;Pilotage, soutien et communication - dépenses de personnel des cabinets et des organismes rattachés / RH;67;Gendarmerie de la Sureté de l'Armement Nucléaire;5;4584238;4584238
Budget général;1;Défense;DA;Soutien de la politique de la défense;212;Pilotage, soutien et communication - dépenses de personnel des cabinets et des organismes rattachés / RH;67;Contrôle Budgétaire et Comptable Ministériel défense - Agence Comptable des Services Industriels de l'Armement;6;9809056;9809056
Budget général;1;Défense;DA;Soutien de la politique de la défense;212;Pilotage, soutien et communication - dépenses de personnel des cabinets et des organismes rattachés / RH;67;Direction de la Protection des Installations, moyens et activités de la Dissuasion;7;2234349;2234349
Budget général;1;Engagements financiers de l'État;EB;Appels en garantie de l'État (crédits évaluatifs);114;Développement international de l'économie française;4;Assurance-crédit;1;0;0
Budget général;1;Engagements financiers de l'État;EB;Appels en garantie de l'État (crédits évaluatifs);114;Développement international de l'économie française;4;Assurance-prospection;2;0;0
Budget général;1;Engagements financiers de l'État;EB;Appels en garantie de l'État (crédits évaluatifs);114;Développement international de l'économie française;4;Garantie de change;3;0;0
Budget général;1;Engagements financiers de l'État;EB;Appels en garantie de l'État (crédits évaluatifs);114;Développement international de l'économie française;4;Garantie du risque économique;4;0;0
Budget général;1;Engagements financiers de l'État;EB;Appels en garantie de l'État (crédits évaluatifs);114;Développement international de l'économie française;4;Garanties de taux d'intérêt Natixis;5;0;0
Budget général;1;Engagements financiers de l'État;EB;Appels en garantie de l'État (crédits évaluatifs);114;Développement international de l'économie française;4;Garantie du risque exportateur;6;0;0
Budget général;1;Recherche et enseignement supérieur;RA;Recherche dans les domaines de l'énergie, du développement et de la mobilité durables;190;Recherche dans le domaine de l'énergie;10;Commissariat à l'énergie atomique et aux énergies alternatives (CEA);1;490136265;490136265
Budget général;1;Recherche et enseignement supérieur;RA;Recherche dans les domaines de l'énergie, du développement et de la mobilité durables;190;Recherche dans le domaine de l'énergie;10;IFP Energies nouvelles (IFPEN);2;135627494;135627494
Budget général;1;Recherche et enseignement supérieur;RA;Recherche dans les domaines de l'énergie, du développement et de la mobilité durables;190;Recherche dans le domaine de l'énergie;10;Gestion des matières et déchets radioactifs : CNE - reprise des sources;3;467781;467781
Budget général;1;Recherche et enseignement supérieur;RA;Recherche dans les domaines de l'énergie, du développement et de la mobilité durables;190;Recherche dans le domaine des risques;11;Institut national de l'environnement industriel et des risques (INERIS);1;6373110;6373110
Budget général;1;Recherche et enseignement supérieur;RA;Recherche dans les domaines de l'énergie, du développement et de la mobilité durables;190;Recherche dans le domaine des risques;11;Institut de radioprotection et de sûreté nucléaire (IRSN);2;172729240;172729240
Budget général;1;Recherche et enseignement supérieur;RA;Recherche dans les domaines de l'énergie, du développement et de la mobilité durables;190;Recherche dans le domaine des transports, de la construction et de l'aménagement;12;Institut français des sciences et technologies des transports, de laménagement et des réseaux (IFSTTAR);1;86184495;86184495
Budget général;1;Recherche et enseignement supérieur;RA;Recherche dans les domaines de l'énergie, du développement et de la mobilité durables;190;Recherche dans le domaine des transports, de la construction et de l'aménagement;12;Centre scientifique et technique du bâtiment (CSTB);3;15046382;15046382
Budget général;1;Recherche et enseignement supérieur;RA;Recherche dans les domaines de l'énergie, du développement et de la mobilité durables;190;Recherche partenariale dans le développement et l'aménagement durable;13;Agence nationale chargée de la sécurité sanitaire de l'alimentation, de l'environnement et du travail (ANSES);1;1551198;1551198
Budget général;1;Recherche et enseignement supérieur;RA;Recherche dans les domaines de l'énergie, du développement et de la mobilité durables;190;Recherche partenariale dans le développement et l'aménagement durable;13;Agence de l'environnement et de la maîtrise de l'énergie (ADEME);2;0;0
Budget général;1;Recherche et enseignement supérieur;RA;Recherche dans les domaines de l'énergie, du développement et de la mobilité durables;190;Recherche partenariale dans le développement et l'aménagement durable;13;Recherche en matière de transport (PREDIT);4;0;965735
Budget général;1;Recherche et enseignement supérieur;RA;Recherche dans les domaines de l'énergie, du développement et de la mobilité durables;190;Recherche partenariale dans le développement et l'aménagement durable;13;Construction (PREBAT, C2D2, RGCU);5;0;276099
Budget général;1;Recherche et enseignement supérieur;RA;Recherche dans les domaines de l'énergie, du développement et de la mobilité durables;190;Recherche partenariale dans le développement et l'aménagement durable;13;Urbanisme et territoire (PUCA, MUTS);6;0;1120134
Budget général;1;Recherche et enseignement supérieur;RA;Recherche dans les domaines de l'énergie, du développement et de la mobilité durables;190;Recherche partenariale dans le développement et l'aménagement durable;13;Changement global (GMES, adaptation au changement climatique);7;0;753671
Budget général;1;Recherche et enseignement supérieur;RA;Recherche dans les domaines de l'énergie, du développement et de la mobilité durables;190;Recherche partenariale dans le développement et l'aménagement durable;13;Risque, santé, environnement;8;0;1770746
Budget général;1;Recherche et enseignement supérieur;RA;Recherche dans les domaines de l'énergie, du développement et de la mobilité durables;190;Recherche partenariale dans le développement et l'aménagement durable;13;Biodiversité;9;0;698847
Budget général;1;Recherche et enseignement supérieur;RA;Recherche dans les domaines de l'énergie, du développement et de la mobilité durables;190;Recherche partenariale dans le développement et l'aménagement durable;13;Innovation et prospective dans le domaine du développement et de l'aménagement durable;10;0;414768
Budget général;1;Recherche et enseignement supérieur;RA;Recherche dans les domaines de l'énergie, du développement et de la mobilité durables;190;Recherche et développement dans le domaine de l'aéronautique civile;14;Recherches en amont;1;59665448;59665448
Budget général;1;Recherche et enseignement supérieur;RA;Recherche dans les domaines de l'énergie, du développement et de la mobilité durables;190;Recherche et développement dans le domaine de l'aéronautique civile;14;Subventions à des organismes de recherche;2;128000;128000
Budget général;1;Recherche et enseignement supérieur;RA;Recherche dans les domaines de l'énergie, du développement et de la mobilité durables;190;Recherche et développement dans le domaine de l'aéronautique civile;14;Equipementier;3;10137975;10137975
Budget général;1;Recherche et enseignement supérieur;RA;Recherche dans les domaines de l'énergie, du développement et de la mobilité durables;190;Recherche et développement dans le domaine de l'aéronautique civile;14;Avions;4;0;0
Budget général;1;Recherche et enseignement supérieur;RA;Recherche dans les domaines de l'énergie, du développement et de la mobilité durables;190;Recherche et développement dans le domaine de l'aéronautique civile;14;Moteurs;5;0;0
Budget général;1;Recherche et enseignement supérieur;RA;Recherche dans les domaines de l'énergie, du développement et de la mobilité durables;190;Recherche et développement dans le domaine de l'aéronautique civile;14;Hélicoptères;6;0;0
Budget général;1;Remboursements et dégrèvements;RD;Remboursements et dégrèvements d'impôts d'État (crédits évaluatifs);200;Remboursements et restitutions liés à la mécanique de l'impôt;11;Impôts sur les sociétés;1;17174000000;17174000000
Budget général;1;Remboursements et dégrèvements;RD;Remboursements et dégrèvements d'impôts d'État (crédits évaluatifs);200;Remboursements et restitutions liés à la mécanique de l'impôt;11;Taxe sur la valeur ajoutée;2;52419000000;52419000000
Budget général;1;Remboursements et dégrèvements;RD;Remboursements et dégrèvements d'impôts d'État (crédits évaluatifs);200;Remboursements et restitutions liés à la mécanique de l'impôt;11;Plafonnement des impositions directes;3;0;0
Budget général;1;Remboursements et dégrèvements;RD;Remboursements et dégrèvements d'impôts d'État (crédits évaluatifs);200;Remboursements et restitutions liés à la mécanique de l'impôt;11;Autres remboursements et dégrèvements liés à la mécanique de limpôt;4;164424000;164424000
Budget général;1;Remboursements et dégrèvements;RD;Remboursements et dégrèvements d'impôts d'État (crédits évaluatifs);200;Remboursements et dégrèvements liées à des politiques publiques;12;Prime pour l'emploi;1;0;0
Budget général;1;Remboursements et dégrèvements;RD;Remboursements et dégrèvements d'impôts d'État (crédits évaluatifs);200;Remboursements et dégrèvements liées à des politiques publiques;12;Impôt sur le revenu;2;2628000000;2628000000
Budget général;1;Remboursements et dégrèvements;RD;Remboursements et dégrèvements d'impôts d'État (crédits évaluatifs);200;Remboursements et dégrèvements liées à des politiques publiques;12;Impôt sur les sociétés;3;11519000000;11519000000
Budget général;1;Remboursements et dégrèvements;RD;Remboursements et dégrèvements d'impôts d'État (crédits évaluatifs);200;Remboursements et dégrèvements liées à des politiques publiques;12;Taxe intérieure sur les produits pétroliers;4;1119852000;1119852000
Budget général;1;Remboursements et dégrèvements;RD;Remboursements et dégrèvements d'impôts d'État (crédits évaluatifs);200;Remboursements et dégrèvements liées à des politiques publiques;12;Taxe intérieure de consommation sur le gaz naturel;5;3000000;3000000
Budget général;1;Remboursements et dégrèvements;RD;Remboursements et dégrèvements d'impôts d'État (crédits évaluatifs);200;Remboursements et dégrèvements liées à des politiques publiques;12;Contribution pour l'audiovisuel public;6;515395000;515395000
Budget général;1;Remboursements et dégrèvements;RD;Remboursements et dégrèvements d'impôts d'État (crédits évaluatifs);200;Remboursements et dégrèvements liées à des politiques publiques;12;Prélèvement sur le produit des jeux;7;0;0
Budget général;1;Remboursements et dégrèvements;RD;Remboursements et dégrèvements d'impôts d'État (crédits évaluatifs);200;Remboursements et dégrèvements liés à la gestion des produits de l'Etat;13;Impôts sur le revenu - Dégrèvements et restitution de sommes indûment perçues;1;2348000000;2348000000
Budget général;1;Remboursements et dégrèvements;RD;Remboursements et dégrèvements d'impôts d'État (crédits évaluatifs);200;Remboursements et dégrèvements liés à la gestion des produits de l'Etat;13;Impôts sur les sociétés - Dégrèvements et restitution de sommes indûment perçues;2;1317000000;1317000000
Budget général;1;Remboursements et dégrèvements;RD;Remboursements et dégrèvements d'impôts d'État (crédits évaluatifs);200;Remboursements et dégrèvements liés à la gestion des produits de l'Etat;13;Autres impôts directs et taxes assimilées - Dégrèvements et restitution de sommes indûment perçues;3;1627434000;1627434000
Budget général;1;Remboursements et dégrèvements;RD;Remboursements et dégrèvements d'impôts d'État (crédits évaluatifs);200;Remboursements et dégrèvements liés à la gestion des produits de l'Etat;13;Taxe sur la valeur ajoutée - Dégrèvements et restitution de sommes indûment perçues;4;2200000000;2200000000
Budget général;1;Remboursements et dégrèvements;RD;Remboursements et dégrèvements d'impôts d'État (crédits évaluatifs);200;Remboursements et dégrèvements liés à la gestion des produits de l'Etat;13;Enregistrement, timbre, autres contributions et taxes indirectes - Dégrèvements et restitution de sommes indûment perçues;5;500000000;500000000
Budget général;1;Remboursements et dégrèvements;RD;Remboursements et dégrèvements d'impôts d'État (crédits évaluatifs);200;Remboursements et dégrèvements liés à la gestion des produits de l'Etat;13;Autres remboursements et dégrèvements liés à la gestion des produits de l'Etat;6;716000000;716000000
Budget général;1;Remboursements et dégrèvements;RD;Remboursements et dégrèvements d'impôts d'État (crédits évaluatifs);200;Remboursements et dégrèvements liés à la gestion des produits de l'Etat;13;Autres remboursements et dégrèvements liés à la gestion des produits de l'Etat - Admissions en non valeur - Créances liées aux impôts;7;2200000000;2200000000
Budget général;1;Remboursements et dégrèvements;RD;Remboursements et dégrèvements d'impôts d'État (crédits évaluatifs);200;Remboursements et dégrèvements liés à la gestion des produits de l'Etat;13;Autres remboursements et dégrèvements liés à la gestion des produits de l'Etat - Dations en paiement, intérêts moratoires, remises de débets;8;513000000;513000000
Budget général;1;Travail et emploi;TB;Accès et retour à l'emploi;102;Amélioration de lefficacité du service public de lemploi;1;Indemnisation des demandeurs d'emploi;1;1484500000;1484500000
Budget général;1;Travail et emploi;TB;Accès et retour à l'emploi;102;Amélioration de lefficacité du service public de lemploi;1;Coordination du service public de l'emploi;2;1528000000;1528000000
Budget général;1;Travail et emploi;TB;Accès et retour à l'emploi;102;Amélioration des dispositifs en faveur de lemploi des personnes les plus éloignées du marché du travail;2;Insertion dans l'emploi au moyen de contrats aidés;1;1841869697;2472561004
Budget général;1;Travail et emploi;TB;Accès et retour à l'emploi;102;Amélioration des dispositifs en faveur de lemploi des personnes les plus éloignées du marché du travail;2;Accompagnement des publics les plus en difficultés;2;2195221260;2116784460
Budget général;1;Travail et emploi;TB;Accompagnement des mutations économiques et développement de l'emploi;103;Anticipation et accompagnement des conséquences des mutations économiques sur l'emploi;1;Développement de lemploi en TPE-PME;1;3667876180;1976288658
Budget général;1;Travail et emploi;TB;Accompagnement des mutations économiques et développement de l'emploi;103;Anticipation et accompagnement des conséquences des mutations économiques sur l'emploi;1;Implication des branches et des entreprises dans la prévention du licenciement et le reclassement des salariés;2;417828725;367675502
Budget général;1;Travail et emploi;TB;Accompagnement des mutations économiques et développement de l'emploi;103;Amélioration de l'insertion dans l'emploi par l'adaptation des qualifications et la reconnaissance des compétences;2;Reconnaissance des compétences acquises par les personnes;3;1920000;1920000
Budget général;1;Travail et emploi;TB;Accompagnement des mutations économiques et développement de l'emploi;103;Amélioration de l'insertion dans l'emploi par l'adaptation des qualifications et la reconnaissance des compétences;2;Amélioration de l'accès à la qualification par le développement de l'alternance et de la certification;4;1714404288;1871381464
Budget général;1;Travail et emploi;TB;Accompagnement des mutations économiques et développement de l'emploi;103;Développement de l'emploi;3;Baisse du coût du travail pour faciliter le développement de territoires et de secteurs à forts potentiels d'emploi;1;2620836598;2620836598
Budget général;1;Travail et emploi;TB;Accompagnement des mutations économiques et développement de l'emploi;103;Développement de l'emploi;3;Promotion de l'activité;2;244010793;244010793
Budgets annexes;2;Contrôle et exploitation aériens;XC;Navigation aérienne;612;Soutien et prestations externes de la Navigation aérienne;1;;;246374841;246464841
Budgets annexes;2;Contrôle et exploitation aériens;XC;Navigation aérienne;612;Exploitation et innovation de la Navigation aérienne;2;;;282067770;281977770
Budgets annexes;2;Contrôle et exploitation aériens;XC;Soutien aux prestations de l'aviation civile;613;Ressources humaines et management;1;;;1195086734;1195461734
Budgets annexes;2;Contrôle et exploitation aériens;XC;Soutien aux prestations de l'aviation civile;613;Logistique;2;;;40433765;40058765
Budgets annexes;2;Contrôle et exploitation aériens;XC;Soutien aux prestations de l'aviation civile;613;Affaires financières;3;;;236739000;236739000
Budgets annexes;2;Contrôle et exploitation aériens;XC;Soutien aux prestations de l'aviation civile;613;Formation aéronautique;4;;;91234465;91234465
Budgets annexes;2;Contrôle et exploitation aériens;XC;Transports aériens, surveillance et certification;614;Développement durable et régulation;1;;;16694865;16694865
Budgets annexes;2;Contrôle et exploitation aériens;XC;Transports aériens, surveillance et certification;614;Surveillance et certification;2;;;23879450;23879450
Budgets annexes;2;Contrôle et exploitation aériens;XC;Transports aériens, surveillance et certification;614;Enquêtes de sécurité aérienne;4;;;2851425;2851425
Budgets annexes;2;Publications officielles et information administrative;XJ;Édition et diffusion;623;Diffusion légale;1;;;6700000;6700000
Budgets annexes;2;Publications officielles et information administrative;XJ;Édition et diffusion;623;Information administrative, édition publique et promotion;2;;;59321000;47839000
Budgets annexes;2;Publications officielles et information administrative;XJ;Pilotage et ressources humaines;624;Pilotage, modernisation et activités numériques;1;;;6573000;7700000
Budgets annexes;2;Publications officielles et information administrative;XJ;Pilotage et ressources humaines;624;Promotion et distribution des publications;2;;;0;0
Budgets annexes;2;Publications officielles et information administrative;XJ;Pilotage et ressources humaines;624;Dépenses de personnel;3;;;73900000;73900000
Budgets annexes;2;Publications officielles et information administrative;XJ;Pilotage et ressources humaines;624;Convention Etat - Société anonyme de composition et d'impression des journaux officiels;4;;;40972000;40972000
Comptes d'affectation spéciale;3;Aides à l'acquisition de véhicules propres;YL;Contribution au financement de l'attribution d'aides à l'acquisition de véhicules propres;791;Contribution au financement de l'attribution d'aides à l'acquisition de véhicules propres;1;;;320000000;320000000
Comptes d'affectation spéciale;3;Aides à l'acquisition de véhicules propres;YL;Contribution au financement de l'attribution d'aides au retrait de véhicules polluants;792;Contribution au financement de l'attribution d'aides au retrait de véhicules polluants;1;;;27000000;27000000
Comptes d'affectation spéciale;3;Contrôle de la circulation et du stationnement routiers;YE;Structures et dispositifs de sécurité routière;751;Dispositifs de contrôle;1;;;131500000;131500000
Comptes d'affectation spéciale;3;Contrôle de la circulation et du stationnement routiers;YE;Structures et dispositifs de sécurité routière;751;Centre national de traitement;2;;;82000000;82000000
Comptes d'affectation spéciale;3;Contrôle de la circulation et du stationnement routiers;YE;Structures et dispositifs de sécurité routière;751;Soutien au programme;3;;;7500000;7500000
Comptes d'affectation spéciale;3;Contrôle de la circulation et du stationnement routiers;YE;Structures et dispositifs de sécurité routière;751;Fichier national du permis de conduire;4;;;28000000;28000000
Comptes d'affectation spéciale;3;Contrôle de la circulation et du stationnement routiers;YE;Contrôle et modernisation de la politique de la circulation et du stationnement routiers;753;Déploiement du procès-verbal électronique;1;;;26200000;26200000
Comptes d'affectation spéciale;3;Contrôle de la circulation et du stationnement routiers;YE;Contribution à l'équipement des collectivités territoriales pour l'amélioration des transports en commun, de la sécurité et de la circulation routières;754;Contribution à l'équipement des collectivités territoriales pour l'amélioration des transports en commun, de la sécurité et de la circulation routières;1;;;664790165;664790165
Comptes d'affectation spéciale;3;Contrôle de la circulation et du stationnement routiers;YE;Désendettement de l'État;755;Désendettement de l'État;1;;;438776184;438776184
Comptes d'affectation spéciale;3;Développement agricole et rural;YF;Développement et transfert en agriculture;775;Développement et transfert;1;;;70453250;70453250
Comptes d'affectation spéciale;3;Développement agricole et rural;YF;Développement et transfert en agriculture;775;Fonction support;2;;;100000;100000
Comptes d'affectation spéciale;3;Développement agricole et rural;YF;Recherche appliquée et innovation en agriculture;776;Recherche appliquée et innovation;1;;;76546750;76546750
Comptes d'affectation spéciale;3;Développement agricole et rural;YF;Recherche appliquée et innovation en agriculture;776;Fonction support;2;;;400000;400000
Comptes d'affectation spéciale;3;Financement des aides aux collectivités pour l'électrification rurale;YK;Électrification rurale;793;Renforcement des réseaux;3;;;172000000;172000000
Comptes d'affectation spéciale;3;Financement des aides aux collectivités pour l'électrification rurale;YK;Électrification rurale;793;Extension des réseaux;4;;;42700000;42700000
Comptes d'affectation spéciale;3;Financement des aides aux collectivités pour l'électrification rurale;YK;Électrification rurale;793;Enfouissement et pose en façade;5;;;44500000;44500000
Comptes d'affectation spéciale;3;Financement des aides aux collectivités pour l'électrification rurale;YK;Électrification rurale;793;Sécurisation des fils nus (hors faible section);6;;;51000000;51000000
Comptes d'affectation spéciale;3;Financement des aides aux collectivités pour l'électrification rurale;YK;Électrification rurale;793;Sécurisation des fils nus de faible section;7;;;55000000;55000000
Comptes d'affectation spéciale;3;Financement des aides aux collectivités pour l'électrification rurale;YK;Électrification rurale;793;Fonctionnement;8;;;1400000;1400000
Comptes d'affectation spéciale;3;Financement des aides aux collectivités pour l'électrification rurale;YK;Électrification rurale;793;Déclaration d'utilité publique (Très haute tension);9;;;500000;500000
Comptes d'affectation spéciale;3;Financement des aides aux collectivités pour l'électrification rurale;YK;Électrification rurale;793;Intempéries;10;;;2500000;2500000
Comptes d'affectation spéciale;3;Financement des aides aux collectivités pour l'électrification rurale;YK;Opérations de maîtrise de la demande d’électricité, de production d’électricité par des énergies renouvelables ou de production de proximité dans les zones non interconnectées, déclarations d’utilité publique et intempéries;794;Sites isolés;2;;;2000000;2000000
Comptes d'affectation spéciale;3;Financement des aides aux collectivités pour l'électrification rurale;YK;Opérations de maîtrise de la demande d’électricité, de production d’électricité par des énergies renouvelables ou de production de proximité dans les zones non interconnectées, déclarations d’utilité publique et intempéries;794;Installations de proximité en zone non interconnectée;3;;;4000000;4000000
Comptes d'affectation spéciale;3;Financement des aides aux collectivités pour l'électrification rurale;YK;Opérations de maîtrise de la demande d’électricité, de production d’électricité par des énergies renouvelables ou de production de proximité dans les zones non interconnectées, déclarations d’utilité publique et intempéries;794;Maîtrise de la demande d'énergie;4;;;1400000;1400000
Comptes d'affectation spéciale;3;Financement des aides aux collectivités pour l'électrification rurale;YK;Opérations de maîtrise de la demande d’électricité, de production d’électricité par des énergies renouvelables ou de production de proximité dans les zones non interconnectées, déclarations d’utilité publique et intempéries;794;Déclaration d'utilité publique (Très haute tension) - (Engagements antérieurs au 1er janvier 2013);5;;;0;0
Comptes d'affectation spéciale;3;Financement des aides aux collectivités pour l'électrification rurale;YK;Opérations de maîtrise de la demande d’électricité, de production d’électricité par des énergies renouvelables ou de production de proximité dans les zones non interconnectées, déclarations d’utilité publique et intempéries;794;Intempéries - (Engagements antérieurs au 1er janvier 2013);6;;;0;0
Comptes d'affectation spéciale;3;Financement national du développement et de la modernisation de l'apprentissage;YJ;Répartition régionale de la ressource consacrée au développement de l'apprentissage;787;Répartition régionale de la ressource consacrée au développement de l'apprentissage;3;;;1393550853;1393550853
Comptes d'affectation spéciale;3;Financement national du développement et de la modernisation de l'apprentissage;YJ;Correction financière des disparités régionales de taxe d'apprentissage et incitations au développement de l'apprentissage;790;Correction financière des disparités régionales de taxe d'apprentissage et incitations au développement de l'apprentissage;1;;;179689222;179689222
Comptes d'affectation spéciale;3;Gestion du patrimoine immobilier de l'État;YB;Contributions des cessions immobilières à l'étranger au désendettement de l'État;721;Contribution au désendettement de l'État;1;;;60000000;60000000
Comptes d'affectation spéciale;3;Gestion du patrimoine immobilier de l'État;YB;Opérations immobilières nationales et des administrations centrales;723;Opérations structurantes et cessions;11;;;311744000;305194000
Comptes d'affectation spéciale;3;Gestion du patrimoine immobilier de l'État;YB;Opérations immobilières nationales et des administrations centrales;723;Contrôles règlementaires, audits, expertises et diagnostiques;12;;;13614000;6406000
Comptes d'affectation spéciale;3;Gestion du patrimoine immobilier de l'État;YB;Opérations immobilières nationales et des administrations centrales;723;Maintenance à la charge du propriétaire;13;;;17964000;20166000
Comptes d'affectation spéciale;3;Gestion du patrimoine immobilier de l'État;YB;Opérations immobilières nationales et des administrations centrales;723;Gros entretien, réhabilitation, mise en conformité et remise en état;14;;;32221000;43027000
Comptes d'affectation spéciale;3;Gestion du patrimoine immobilier de l'État;YB;Opérations immobilières déconcentrées;724;Opérations structurantes et cessions;11;;;57853000;55988000
Comptes d'affectation spéciale;3;Gestion du patrimoine immobilier de l'État;YB;Opérations immobilières déconcentrées;724;Contrôles règlementaires, audits, expertises et diagnostiques;12;;;9980000;8617000
Comptes d'affectation spéciale;3;Gestion du patrimoine immobilier de l'État;YB;Opérations immobilières déconcentrées;724;Maintenance à la charge du propriétaire;13;;;44214000;39154000
Comptes d'affectation spéciale;3;Gestion du patrimoine immobilier de l'État;YB;Opérations immobilières déconcentrées;724;Gros entretien, réhabilitation, mise en conformité et remise en état;14;;;46026000;46448000
Comptes d'affectation spéciale;3;Participation de la France au désendettement de la Grèce;YM;Versement de la France à la Grèce au titre de la restitution à cet État des revenus perçus sur les titres grecs;795;Versement de la France à la Grèce au titre de la restitution à cet État des revenus perçus par la Banque de France sur les titres grecs détenus en compte propre;1;;;0;56000000
Comptes d'affectation spéciale;3;Participation de la France au désendettement de la Grèce;YM;Versement de la France à la Grèce au titre de la restitution à cet État des revenus perçus sur les titres grecs;795;Versement de la France à la Grèce au titre de la restitution à cet État des revenus perçus par la Banque de France sur les titres grecs détenus au titre du portefeuille dit SMP;2;;;183000000;183000000
Comptes d'affectation spéciale;3;Participation de la France au désendettement de la Grèce;YM;Rétrocessions de trop-perçus à la Banque de France;796;Rétrocessions de trop-perçus à la Banque de France;1;;;0;0
Comptes d'affectation spéciale;3;Participations financières de l'État;YC;Opérations en capital intéressant les participations financières de l'État;731;Augmentations de capital, dotations en fonds propres, avances d'actionnaire et prêts assimilés;1;;;6390000000;6390000000
Comptes d'affectation spéciale;3;Participations financières de l'État;YC;Opérations en capital intéressant les participations financières de l'État;731;Achats ou souscriptions de titres, parts ou droits de société;3;;;0;0
Comptes d'affectation spéciale;3;Participations financières de l'État;YC;Opérations en capital intéressant les participations financières de l'État;731;Autres investissements financiers de nature patrimoniale;4;;;10000000;10000000
Comptes d'affectation spéciale;3;Participations financières de l'État;YC;Opérations en capital intéressant les participations financières de l'État;731;Prestations de services : commissions bancaires, frais juridiques et frais liés aux opérations de gestion des participations financières de l'État;5;;;100000000;100000000
Comptes d'affectation spéciale;3;Participations financières de l'État;YC;Opérations en capital intéressant les participations financières de l'État;731;Versements au profit du Mécanisme européen de stabilité;6;;;0;0
Comptes d'affectation spéciale;3;Participations financières de l'État;YC;Désendettement de l'État et d'établissements publics de l'État;732;Désendettement de l'État ou d'établissements publics de l'État;1;;;0;0
Comptes d'affectation spéciale;3;Pensions;YD;Pensions civiles et militaires de retraite et allocations temporaires d'invalidité;741;Fonctionnaires civils relevant du code des pensions civiles et militaires de retraite;1;;;43699400000;43699400000
Comptes d'affectation spéciale;3;Pensions;YD;Pensions civiles et militaires de retraite et allocations temporaires d'invalidité;741;Militaires relevant du code des pensions civiles et militaires de retraite;2;;;9986500000;9986500000
Comptes d'affectation spéciale;3;Pensions;YD;Pensions civiles et militaires de retraite et allocations temporaires d'invalidité;741;Allocations temporaires d'invalidité;3;;;138800000;138800000
Comptes d'affectation spéciale;3;Pensions;YD;Ouvriers des établissements industriels de l'État;742;Prestations vieillesse et invalidité;1;;;1821000000;1821000000
Comptes d'affectation spéciale;3;Pensions;YD;Ouvriers des établissements industriels de l'État;742;Autres dépenses spécifiques;3;;;2455000;2455000
Comptes d'affectation spéciale;3;Pensions;YD;Ouvriers des établissements industriels de l'État;742;Gestion du régime;4;;;7681000;7681000
Comptes d'affectation spéciale;3;Pensions;YD;Ouvriers des établissements industriels de l'État;742;Rentes accidents du travail des ouvriers civils des établissements militaires (RATOCEM);5;;;57315000;57315000
Comptes d'affectation spéciale;3;Pensions;YD;Pensions militaires d'invalidité et des victimes de guerre et autres pensions;743;Reconnaissance de la Nation;1;;;749263500;749263500
Comptes d'affectation spéciale;3;Pensions;YD;Pensions militaires d'invalidité et des victimes de guerre et autres pensions;743;Réparation;2;;;1147350000;1147350000
Comptes d'affectation spéciale;3;Pensions;YD;Pensions militaires d'invalidité et des victimes de guerre et autres pensions;743;Pensions d'Alsace-Lorraine;3;;;16000000;16000000
Comptes d'affectation spéciale;3;Pensions;YD;Pensions militaires d'invalidité et des victimes de guerre et autres pensions;743;Allocations de reconnaissance des anciens supplétifs;4;;;15070000;15070000
Comptes d'affectation spéciale;3;Pensions;YD;Pensions militaires d'invalidité et des victimes de guerre et autres pensions;743;Pensions des anciens agents du chemin de fer franco-éthiopien;5;;;53281;53281
Comptes d'affectation spéciale;3;Pensions;YD;Pensions militaires d'invalidité et des victimes de guerre et autres pensions;743;Pensions des sapeurs-pompiers et anciens agents de la défense passive victimes d'accident;6;;;12870000;12870000
Comptes d'affectation spéciale;3;Pensions;YD;Pensions militaires d'invalidité et des victimes de guerre et autres pensions;743;Pensions de l'ORTF;7;;;250000;250000
Comptes d'affectation spéciale;3;Services nationaux de transport conventionnés de voyageurs;YI;Exploitation des services nationaux de transport conventionnés;785;Contribution à lexploitation des services nationaux de transport conventionnés;1;;;257000000;257000000
Comptes d'affectation spéciale;3;Services nationaux de transport conventionnés de voyageurs;YI;Exploitation des services nationaux de transport conventionnés;785;Frais d'enquêtes, d'études et de conseil relatifs à l'exploitation des services nationaux de transport conventionnés;2;;;1000000;1000000
Comptes d'affectation spéciale;3;Services nationaux de transport conventionnés de voyageurs;YI;Matériel roulant des services nationaux de transport conventionnés;786;Contribution au matériel roulant des services nationaux de transport conventionnés;1;;;100000000;100000000
Comptes d'affectation spéciale;3;Services nationaux de transport conventionnés de voyageurs;YI;Matériel roulant des services nationaux de transport conventionnés;786;Frais d'enquêtes, d'études et de conseil relatifs au matériel roulant des services nationaux de transport conventionnés;2;;;0;0
Comptes d'affectation spéciale;3;Transition énergétique;YN;Soutien à la transition énergétique;764;Soutien aux énergies renouvelables électriques;1;;;5630300000;5630300000
Comptes d'affectation spéciale;3;Transition énergétique;YN;Soutien à la transition énergétique;764;Soutien à l'effacement de consommation électrique;2;;;0;0
Comptes d'affectation spéciale;3;Transition énergétique;YN;Soutien à la transition énergétique;764;Soutien à l'injection de bio-méthane;3;;;49900000;49900000
Comptes d'affectation spéciale;3;Transition énergétique;YN;Engagements financiers liés à la transition énergétique;765;Désendettement vis-à-vis des opérateurs supportant des charges de service public de l'électricité;1;;;1228000000;1228000000
Comptes d'affectation spéciale;3;Transition énergétique;YN;Engagements financiers liés à la transition énergétique;765;Versement au profit du budget général correspondant aux montants des remboursements et dégrèvements au titre de la TICFE;2;;;0;0
Comptes d'affectation spéciale;3;Transition énergétique;YN;Engagements financiers liés à la transition énergétique;765;Versements au profit de la CDC correspondant à des remboursements partiels de CSPE;3;;;75000000;75000000
Comptes de concours financiers;4;Accords monétaires internationaux;ZA;Relations avec l'Union monétaire ouest-africaine;811;Relations avec l'Union monétaire ouest-africaine;1;;;0;0
Comptes de concours financiers;4;Accords monétaires internationaux;ZA;Relations avec l'Union monétaire d'Afrique centrale;812;Relations avec l'Union monétaire d'Afrique centrale;1;;;0;0
Comptes de concours financiers;4;Accords monétaires internationaux;ZA;Relations avec l'Union des Comores;813;Relations avec l'Union des Comores;1;;;0;0
Comptes de concours financiers;4;Avances à divers services de l'État ou organismes gérant des services publics;ZB;Avances à l'Agence de services et de paiement, au titre du préfinancement des aides communautaires de la politique agricole commune;821;Avances au titre du préfinancement des aides communautaires de la politique agricole commune;1;;;16000000000;16000000000
Comptes de concours financiers;4;Avances à divers services de l'État ou organismes gérant des services publics;ZB;Avances à des organismes distincts de l'État et gérant des services publics;823;Avances à des organismes distincts de l'État et gérant des services publics;1;;;346600000;346600000
Comptes de concours financiers;4;Avances à divers services de l'État ou organismes gérant des services publics;ZB;Avances à des services de l'État;824;Avances au budget annexe « Contrôle et exploitation aériens »;1;;;102602000;102602000
Comptes de concours financiers;4;Avances à divers services de l'État ou organismes gérant des services publics;ZB;Avances à l'Office national d'indemnisation des accidents médicaux, des affections iatrogènes et des infections nosocomiales (ONIAM) au titre de l'indemnisation des victimes du Benfluorex;825;Avances à l'ONIAM au titre de l'indemnisation des victimes du Benfluorex;1;;;15000000;15000000
Comptes de concours financiers;4;Avances à l'audiovisuel public;ZD;France Télévisions;841;France Télévisions;1;;;2598280011;2598280011
Comptes de concours financiers;4;Avances à l'audiovisuel public;ZD;ARTE France;842;ARTE France;1;;;280011969;280011969
Comptes de concours financiers;4;Avances à l'audiovisuel public;ZD;Radio France;843;Radio France;1;;;625112736;625112736
Comptes de concours financiers;4;Avances à l'audiovisuel public;ZD;France Médias Monde;844;France Médias Monde;1;;;256811872;256811872
Comptes de concours financiers;4;Avances à l'audiovisuel public;ZD;Institut national de l'audiovisuel;845;Institut national de l'audiovisuel;1;;;90869000;90869000
Comptes de concours financiers;4;Avances à l'audiovisuel public;ZD;TV5 Monde;847;TV5 Monde;1;;;80008935;80008935
Comptes de concours financiers;4;Avances aux collectivités territoriales;ZC;Avances aux collectivités et établissements publics, et à la Nouvelle-Calédonie;832;Avances de l'article 70 de la loi du 31 mars 1932 et de l'article L. 2336-1 du code général des collectivités territoriales;1;;;6000000;6000000
Comptes de concours financiers;4;Avances aux collectivités territoriales;ZC;Avances aux collectivités et établissements publics, et à la Nouvelle-Calédonie;832;Avances de l'article 14 de la loi n° 46-2921 du 23 décembre 1946 et de l'article L. 2237-2 du code général des collectivités territoriales;2;;;0;0
Comptes de concours financiers;4;Avances aux collectivités territoriales;ZC;Avances aux collectivités et établissements publics, et à la Nouvelle-Calédonie;832;Avances de l'article 34 de la loi n° 53-1336 du 31 décembre 1953 (avances spéciales sur recettes budgétaires);3;;;0;0
Comptes de concours financiers;4;Avances aux collectivités territoriales;ZC;Avances aux collectivités et établissements publics, et à la Nouvelle-Calédonie;832;Avances à la Nouvelle-Calédonie, au titre de la fiscalité du nickel;4;;;0;0
Comptes de concours financiers;4;Avances aux collectivités territoriales;ZC;Avances sur le montant des impositions revenant aux régions, départements, communes, établissements et divers organismes;833;Avances sur le montant des impositions revenant aux régions, départements, communes, établissements et divers organismes;1;;;97902806692;97902806692
Comptes de concours financiers;4;Avances aux collectivités territoriales;ZC;Avances sur le montant des impositions revenant aux régions, départements, communes, établissements et divers organismes;833;Avances aux départements sur le produit de la taxe intérieure de consommation sur les produits pétroliers;2;;;5877914822;5877914822
Comptes de concours financiers;4;Avances aux collectivités territoriales;ZC;Avances sur le montant des impositions revenant aux régions, départements, communes, établissements et divers organismes;833;Avances aux départements sur les frais de gestion de la taxe foncière sur les propriétés bâties;3;;;951202755;951202755
Comptes de concours financiers;4;Avances aux collectivités territoriales;ZC;Avances sur le montant des impositions revenant aux régions, départements, communes, établissements et divers organismes;833;Avances aux régions sur les frais de gestion de la contribution foncière des entreprises (CFE), de la contribution sur la valeur ajoutée des entreprises (CVAE) et de la taxe d'habitation (TH) et sur le produit de la taxe intérieure de consommation sur l;4;;;957283641;957283641
Comptes de concours financiers;4;Prêts à des États étrangers;ZE;Prêts à des États étrangers en vue de faciliter la vente de biens et de services concourant au développement du commerce extérieur de la France;851;Prêts à des États étrangers en vue de faciliter la vente de biens et de services concourant au développement du commerce extérieur de la France;1;;;300000000;300000000
Comptes de concours financiers;4;Prêts à des États étrangers;ZE;Prêts à des États étrangers pour consolidation de dettes envers la France;852;Prêts résultant de l'exécution d'accords conclus avec les gouvernements étrangers et portant consolidation des dettes de leur pays envers la France;1;;;148000000;148000000
Comptes de concours financiers;4;Prêts à des États étrangers;ZE;Prêts à l'Agence française de développement en vue de favoriser le développement économique et social dans des États étrangers;853;Prêts à l'Agence française de développement en vue de favoriser le développement économique et social dans des États étrangers;1;;;1552000000;250000000
Comptes de concours financiers;4;Prêts à des États étrangers;ZE;Prêts aux États membres de l'Union européenne dont la monnaie est l'euro;854;Soutien financier aux États membres de lUnion européenne dont la monnaie est leuro;1;;;0;0
Comptes de concours financiers;4;Prêts et avances à des particuliers ou à des organismes privés;ZF;Prêts et avances pour le logement des agents de l'État;861;Avances aux agents de l'État à l'étranger pour la prise en location d'un logement;4;;;450000;450000
Comptes de concours financiers;4;Prêts et avances à des particuliers ou à des organismes privés;ZF;Prêts pour le développement économique et social;862;Prêts pour le développement économique et social;1;;;100000000;100000000
Comptes de concours financiers;4;Prêts et avances à des particuliers ou à des organismes privés;ZF;Prêts à la filière automobile;863;Prêts pour le soutien à l'innovation de la filière automobile;2;;;0;0
Comptes de concours financiers;4;Prêts et avances à des particuliers ou à des organismes privés;ZF;Prêts à la filière automobile;863;Fonds de soutien à la filière automobile;3;;;5000000;5000000
